{
  "project_info": {
    "project_number": "162170014642",
    "firebase_url": "https://schoolmanagementsystem-7a7b9.firebaseio.com",
    "project_id": "schoolmanagementsystem-7a7b9",
    "storage_bucket": "schoolmanagementsystem-7a7b9.appspot.com"
  },
  "client": [
    {
      "client_info": {
        "mobilesdk_app_id": "1:162170014642:android:2ff19da22bfde3ca8fb2ab",
        "android_client_info": {
          "package_name": "com.anonymous.schoolmanagementsystem_android"
        }
      },
      "oauth_client": [
        {
          "client_id": "162170014642-169so6opu4s4es4i1u6trs6snt6tmj3r.apps.googleusercontent.com",
          "client_type": 3
        }
      ],
      "api_key": [
        {
          "current_key": "AIzaSyBNGnwxxsARE6LeEJvdL-YTHe81sCMruE0"
        }
      ],
      "services": {
        "appinvite_service": {
          "other_platform_oauth_client": [
            {
              "client_id": "162170014642-169so6opu4s4es4i1u6trs6snt6tmj3r.apps.googleusercontent.com",
              "client_type": 3
            }
          ]
        }
      }
    }
  ],
  "configuration_version": "1"
}